<?xml version="1.0" encoding="UTF-8"?>
<vnetwork id="1">
  <dbid>5763</dbid>
  <name>Virtual Network</name>
  <switch id="2">
    <dbid>5835</dbid>
  </switch>
  <server id="4">
    <dbid>5765</dbid>
    <images id="5">
      <image id="6" index="0">
        <dbid>5774</dbid>
        <name>install</name>
        <file-name>/net/san2401/images/debian-lenny-minimal.iso</file-name>
        <order>0</order>
        <boot-order>0</boot-order>
        <image-type>cdrom</image-type>
        <readonly>false</readonly>
        <writeback>none</writeback>
      </image>
    </images>
    <nics id="7">
      <nic id="8">
        <ipaddress>10.234.158.3</ipaddress>
        <server reference="4"/>
        <switch reference="2"/>
      </nic>
      <nic id="9">
        <ipaddress>10.234.158.2</ipaddress>
        <server reference="4"/>
        <switch reference="2"/>
      </nic>
      <nic id="10">
        <ipaddress>10.234.158.4</ipaddress>
        <server reference="4"/>
        <switch reference="2"/>
      </nic>
      <nic id="11">
        <ipaddress>10.234.158.5</ipaddress>
        <server reference="4"/>
        <switch reference="2"/>
      </nic>
    </nics>
    <ram-in-mb>3000</ram-in-mb>
    <cpu-units>1</cpu-units>
  </server>
  <server id="12">
    <dbid>5775</dbid>
    <images id="13">
      <image id="14" index="0">
        <dbid>5784</dbid>
        <name>install</name>
        <file-name>/net/san2401/images/debian-lenny-minimal.iso</file-name>
        <order>0</order>
        <boot-order>0</boot-order>
        <image-type>cdrom</image-type>
        <readonly>false</readonly>
        <writeback>none</writeback>
      </image>
    </images>
    <nics id="15">
      <nic id="16">
        <ipaddress>10.234.158.6</ipaddress>
        <server reference="12"/>
        <switch reference="2"/>
      </nic>
      <nic id="17">
        <ipaddress>10.234.158.7</ipaddress>
        <server reference="12"/>
        <switch reference="2"/>
      </nic>
      <nic id="18">
        <ipaddress>10.234.158.8</ipaddress>
        <server reference="12"/>
        <switch reference="2"/>
      </nic>
      <nic id="19">
        <ipaddress>10.234.158.9</ipaddress>
        <server reference="12"/>
        <switch reference="2"/>
      </nic>
    </nics>
    <ram-in-mb>3000</ram-in-mb>
    <cpu-units>1</cpu-units>
  </server>
  <server id="20">
    <dbid>5785</dbid>
    <images id="21">
      <image id="22" index="0">
        <dbid>5794</dbid>
        <name>install</name>
        <file-name>/net/san2401/images/debian-lenny-minimal.iso</file-name>
        <order>0</order>
        <boot-order>0</boot-order>
        <image-type>cdrom</image-type>
        <readonly>false</readonly>
        <writeback>none</writeback>
      </image>
    </images>
    <nics id="23">
      <nic id="24">
        <ipaddress>10.234.158.13</ipaddress>
        <server reference="20"/>
        <switch reference="2"/>
      </nic>
      <nic id="25">
        <ipaddress>10.234.158.10</ipaddress>
        <server reference="20"/>
        <switch reference="2"/>
      </nic>
      <nic id="26">
        <ipaddress>10.234.158.11</ipaddress>
        <server reference="20"/>
        <switch reference="2"/>
      </nic>
      <nic id="27">
        <ipaddress>10.234.158.12</ipaddress>
        <server reference="20"/>
        <switch reference="2"/>
      </nic>
    </nics>
    <ram-in-mb>3000</ram-in-mb>
    <cpu-units>1</cpu-units>
  </server>
  <server id="28">
    <dbid>5795</dbid>
    <images id="29">
      <image id="30" index="0">
        <dbid>5804</dbid>
        <name>install</name>
        <file-name>/net/san2401/images/debian-lenny-minimal.iso</file-name>
        <order>0</order>
        <boot-order>0</boot-order>
        <image-type>cdrom</image-type>
        <readonly>false</readonly>
        <writeback>none</writeback>
      </image>
    </images>
    <nics id="31">
      <nic id="32">
        <ipaddress>10.234.158.17</ipaddress>
        <server reference="28"/>
        <switch reference="2"/>
      </nic>
      <nic id="33">
        <ipaddress>10.234.158.15</ipaddress>
        <server reference="28"/>
        <switch reference="2"/>
      </nic>
      <nic id="34">
        <ipaddress>10.234.158.14</ipaddress>
        <server reference="28"/>
        <switch reference="2"/>
      </nic>
      <nic id="35">
        <ipaddress>10.234.158.16</ipaddress>
        <server reference="28"/>
        <switch reference="2"/>
      </nic>
    </nics>
    <ram-in-mb>4000</ram-in-mb>
    <cpu-units>1</cpu-units>
  </server>
  <server id="36">
    <dbid>5805</dbid>
    <images id="37">
      <image id="38" index="0">
        <dbid>5814</dbid>
        <name>install</name>
        <file-name>/net/san2401/images/debian-lenny-minimal.iso</file-name>
        <order>0</order>
        <boot-order>0</boot-order>
        <image-type>cdrom</image-type>
        <readonly>false</readonly>
        <writeback>none</writeback>
      </image>
    </images>
    <nics id="39">
      <nic id="40">
        <ipaddress>10.234.158.18</ipaddress>
        <server reference="36"/>
        <switch reference="2"/>
      </nic>
      <nic id="41">
        <ipaddress>10.234.158.19</ipaddress>
        <server reference="36"/>
        <switch reference="2"/>
      </nic>
      <nic id="42">
        <ipaddress>10.234.158.21</ipaddress>
        <server reference="36"/>
        <switch reference="2"/>
      </nic>
      <nic id="43">
        <ipaddress>10.234.158.20</ipaddress>
        <server reference="36"/>
        <switch reference="2"/>
      </nic>
    </nics>
    <ram-in-mb>4000</ram-in-mb>
    <cpu-units>1</cpu-units>
  </server>
  <server id="44">
    <dbid>5815</dbid>
    <images id="45">
      <image id="46" index="0">
        <dbid>5824</dbid>
        <name>install</name>
        <file-name>/net/san2401/images/debian-lenny-minimal.iso</file-name>
        <order>0</order>
        <boot-order>0</boot-order>
        <image-type>cdrom</image-type>
        <readonly>false</readonly>
        <writeback>none</writeback>
      </image>
    </images>
    <nics id="47">
      <nic id="48">
        <ipaddress>10.234.158.22</ipaddress>
        <server reference="44"/>
        <switch reference="2"/>
      </nic>
      <nic id="49">
        <ipaddress>10.234.158.25</ipaddress>
        <server reference="44"/>
        <switch reference="2"/>
      </nic>
      <nic id="50">
        <ipaddress>10.234.158.23</ipaddress>
        <server reference="44"/>
        <switch reference="2"/>
      </nic>
      <nic id="51">
        <ipaddress>10.234.158.24</ipaddress>
        <server reference="44"/>
        <switch reference="2"/>
      </nic>
    </nics>
    <ram-in-mb>5000</ram-in-mb>
    <cpu-units>1</cpu-units>
  </server>
  <server id="52">
    <dbid>5825</dbid>
    <images id="53">
      <image id="54" index="0">
        <dbid>5834</dbid>
        <name>install</name>
        <file-name>/net/san2401/images/debian-lenny-minimal.iso</file-name>
        <order>0</order>
        <boot-order>0</boot-order>
        <image-type>cdrom</image-type>
        <readonly>false</readonly>
        <writeback>none</writeback>
      </image>
    </images>
    <nics id="55">
      <nic id="56">
        <ipaddress>10.234.158.29</ipaddress>
        <server reference="52"/>
        <switch reference="2"/>
      </nic>
      <nic id="57">
        <ipaddress>10.234.158.26</ipaddress>
        <server reference="52"/>
        <switch reference="2"/>
      </nic>
      <nic id="58">
        <ipaddress>10.234.158.27</ipaddress>
        <server reference="52"/>
        <switch reference="2"/>
      </nic>
      <nic id="59">
        <ipaddress>10.234.158.28</ipaddress>
        <server reference="52"/>
        <switch reference="2"/>
      </nic>
    </nics>
    <ram-in-mb>5000</ram-in-mb>
    <cpu-units>1</cpu-units>
  </server>
  <storage id="60">
    <dbid>5837</dbid>
    <storage-in-mb>800</storage-in-mb>
  </storage>
  <mount id="61">
    <storage reference="60"/>
    <server reference="4"/>
    <order>1</order>
  </mount>
</vnetwork>
